[1,["ecpdLyjvZBwrvm+cedCcQy","44qUrem7FGNYEn+vHwLAPH","5dnt9kDUxBPbncqa2YP/wH","0bJSvJ5cVNa4MB9wF5T1m6","c47cZZVOdLUazRZYT8fW+j","e2EvPn9dZE16TBx1tUpV3+","19N9per1lPTb1SnFHpezzP","fejjwLJVtCrqor+fwyIxLx","2fFgxL5dtPsJmbx3TQ8msx","a07MvOpNhDDJVNVeetAr7k","62H6vw1p9KJbPTwXupvbTO"],["node","_textureSetter","_spriteFrame","scene","_parent"],["cc.SpriteFrame","cc.Texture2D",["cc.Node",["_name","_id","_components","_contentSize","_parent","_children","_trs"],1,9,5,1,2,7],["cc.Sprite",["_sizeMode","_type","node","_materials","_spriteFrame"],1,1,3,6],["cc.Widget",["_alignFlags","_top","_bottom","_originalWidth","_originalHeight","node"],-2,1],["cc.SceneAsset",["_name","asyncLoadAssets"],1],["cc.Node",["_name","_parent","_components","_contentSize","_trs"],2,1,2,5,7],["cc.Canvas",["node","_designResolution"],3,1,5],["cc.Scene",["_name","_children","_anchorPoint","_trs"],2,2,5,7],["cc.Camera",["_clearFlags","_depth","node"],1,1],["cc.Label",["_string","_N$verticalAlign","node","_materials"],1,1,3],["89e3bULnINAO5LStk1zefH7",["node","loadingSprite","loadingLabel"],3,1,1,1]],[[2,0,4,2,3,6,2],[3,2,3,4,1],[6,0,1,2,3,4,2],[5,0,1,3],[2,0,1,5,2,3,6,3],[2,0,4,5,2,3,2],[2,0,1,4,2,3],[7,0,1,1],[4,0,5,2],[4,0,1,2,3,4,5,6],[3,0,2,3,4,2],[3,1,2,3,2],[8,0,1,2,3,2],[9,0,1,2,3],[10,0,1,2,3,3],[11,0,1,2,1]],[[[{"name":"logo Soi","rect":[0,0,257,248],"offset":[0,0],"originalSize":[257,248],"capInsets":[0,0,0,0]}],[0],0,[0],[1],[1]],[[{"name":"Loading_frame","rect":[0,0,753,32],"offset":[0,0],"originalSize":[753,32],"capInsets":[0,0,0,0]}],[0],0,[0],[1],[2]],[["0,9729,9729,33071,33071,0,0,1",-1],[1],0,[],[],[]],[["0,9729,9729,33071,33071,0,0,1",-1],[1],0,[],[],[]],[["0,9729,9729,33071,33071,0,0,1",-1],[1],0,[],[],[]],[["0,9729,9729,33071,33071,0,0,1",-1],[1],0,[],[],[]],[[[3,"LoadScene",null],[4,"Canvas","a5esZu+45LA5mBpvttspPD",[-3,-4,-5,-6,-7],[[7,-1,[5,1280,720]],[8,45,-2]],[5,1280,720],[640,360,0,0,0,0,1,1,1,1]],[5,"BG",1,[-10,-11],[[10,0,-8,[4],5],[9,45,57.5,57.5,1280,720,-9]],[5,1280,605]],[12,"New Node",[1,-12],[0,0,0],[0,0,0,0,0,0,1,1,1,1]],[0,"Main Camera",1,[[13,7,-1,-13]],[5,960,640],[0,0,502.2890797603765,0,0,0,1,1,1,1]],[0,"logo Soi",2,[[1,-14,[0],1]],[5,257,248],[0,54.656,0,0,0,0,1,1,1,1]],[0,"Slogan",2,[[1,-15,[2],3]],[5,631,164],[0,-136.285,0,0,0,0,1,0.6,0.6,1]],[0,"Loading_frame",1,[[1,-16,[6],7]],[5,753,32],[0,-226.046,0,0,0,0,1,1,1,1]],[2,"blue bar",1,[-17],[5,748,27],[0,-225.882,0,0,0,0,1,1,1,1]],[11,3,8,[8]],[2,"label loading",1,[-18],[5,97.87,50.4],[0,-271.247,0,0,0,0,1,1,1,1]],[14,"Label",1,10,[9]],[6,"LoadGameController","e9e/uY8j9H1ahk4+HzS1vY",3,[[15,-19,9,11]]]],0,[0,0,1,0,0,1,0,-1,4,0,-2,2,0,-3,7,0,-4,8,0,-5,10,0,0,2,0,0,2,0,-1,5,0,-2,6,0,-2,12,0,0,4,0,0,5,0,0,6,0,0,7,0,-1,9,0,-1,11,0,0,12,0,3,3,1,4,3,19],[0,0,0,0,0,0,0,0,0,0,9],[-1,2,-1,2,-1,2,-1,2,-1,-1,2],[0,3,0,4,0,5,0,6,0,0,7]],[["0,9729,9729,33071,33071,0,0,1",-1],[1],0,[],[],[]],[[{"name":"Slogan","rect":[0,0,631,164],"offset":[0,0],"originalSize":[631,164],"capInsets":[0,0,0,0]}],[0],0,[0],[1],[8]],[[{"name":"BG","rect":[0,0,1920,945],"offset":[0,0],"originalSize":[1920,945],"capInsets":[0,0,0,0]}],[0],0,[0],[1],[9]],[[{"name":"loading_bar","rect":[0,0,748,27],"offset":[0,0],"originalSize":[748,27],"capInsets":[0,0,0,0]}],[0],0,[0],[1],[10]]]]